<?xml version="1.0" encoding="utf-8"?>
<extension
	type="module"
	version="3.0"
	client="site"
	method="upgrade">
	<name>Slick Articles Carousel for Joomla3</name>
	<author>J.S. Negley</author>
	<creationDate>26 SEP 2014</creationDate>
	<copyright>Copyright (C) 2005 - 2012 Open Source Matters. All rights reserved.</copyright>
	<license>GNU General Public License version 2 or later; see LICENSE.txt</license>
	<authorEmail>support@jsnegley.com</authorEmail>
	<authorUrl>jsnegley.com</authorUrl>
	<version>1.0.0</version>
	<description>MOD_SLICK_CAROUSEL_ARTICLES_XML_DESCRIPTION</description>
	<files>
		<filename module="mod_slick_carousel_articles">mod_slick_carousel_articles.php</filename>
		<folder>css</folder>
		<folder>js</folder>
		<folder>language</folder>
		<folder>tmpl</folder>
		<filename>helper.php</filename>
		<filename>index.html</filename>
		<filename>mod_slick_carousel_articles.xml</filename>
	</files>
	<languages>
		<language tag="en-GB">language/en-GB.mod_slick_carousel_articles.ini</language>
		<language tag="en-GB">language/en-GB.mod_slick_carousel_articles.sys.ini</language>
	</languages>
	<config>
		<fields name="params">
			<fieldset name="basic">
				<field name="catid" type="category" extension="com_content" multiple="true" default="" size="10" 
					label="JCATEGORY"
					description="MOD_SLICK_CAROUSEL_ARTICLES_FIELD_CATEGORY_DESC" >
					<option value="">JOPTION_ALL_CATEGORIES</option>
				</field>

				<field name="image" type="radio" class="btn-group" default="0"
					label="MOD_SLICK_CAROUSEL_ARTICLES_FIELD_IMAGES_LABEL"
					description="MOD_SLICK_CAROUSEL_ARTICLES_FIELD_IMAGES_DESC">
					<option value="1">JYES</option>
					<option value="0">JNO</option>
				</field>

				<field name="item_title" class="btn-group" type="radio" default="0"
					label="MOD_SLICK_CAROUSEL_ARTICLES_FIELD_TITLE_LABEL"
					description="MOD_SLICK_CAROUSEL_ARTICLES_FIELD_TITLE_DESC">
					<option value="1">JYES</option>
					<option value="0">JNO</option>
				</field>

				<field name="link_titles" type="list"
					label="MOD_SLICK_CAROUSEL_ARTICLES_FIELD_LINKTITLE_LABEL"
					description="MOD_SLICK_CAROUSEL_ARTICLES_FIELD_LINKTITLE_DESC">
					<option value="">JGLOBAL_USE_GLOBAL</option>
					<option value="0">JNO</option>
					<option value="1">JYES</option>
				</field>

				<field name="item_heading" type="list" default="h4"
					label="MOD_SLICK_CAROUSEL_ARTICLES_TITLE_HEADING_LABEL"
					description="MOD_SLICK_CAROUSEL_ARTICLES_TITLE_HEADING_DESC">
					<option value="h1">H1</option>
					<option value="h2">H2</option>
					<option value="h3">H3</option>
					<option value="h4">H4</option>
				</field>

				<field name="readmore" type="radio" class="btn-group" default="0"
					label="MOD_SLICK_CAROUSEL_ARTICLES_FIELD_READMORE_LABEL"
					description="MOD_SLICK_CAROUSEL_ARTICLES_FIELD_READMORE_DESC">
					<option value="0">JHIDE</option>
					<option value="1">JSHOW</option>
				</field>

				<field name="count" type="text" default="5"
					label="MOD_SLICK_CAROUSEL_ARTICLES_FIELD_ITEMS_LABEL"
					description="MOD_SLICK_CAROUSEL_ARTICLES_FIELD_ITEMS_DESC" />

				<field name="ordering" type="list" default="a.publish_up"
					label="MOD_SLICK_CAROUSEL_ARTICLES_ORDERING_LABEL"
					description="MOD_SLICK_CAROUSEL_ARTICLES_ORDERING_DESC">
					<option value="a.publish_up">MOD_SLICK_CAROUSEL_ARTICLES_ORDERING_PUBLISHED_DATE</option>
					<option value="a.created">MOD_SLICK_CAROUSEL_ARTICLES_ORDERING_CREATED_DATE</option>
					<option value="a.ordering">MOD_SLICK_CAROUSEL_ARTICLES_ORDERING_ORDERING</option>
					<option value="rand()">MOD_SLICK_CAROUSEL_ARTICLES_ORDERING_RANDOM</option>
				</field>

			</fieldset>
			
			<fieldset name="FORMATTING">
				<field name="interval" type="text" default="5000"
					label="MOD_SLICK_CAROUSEL_ARTICLES_INTERVAL_LABEL" />

				<field name="loopslides" type="radio" default="1" class="btn-group"
					label="MOD_SLICK_CAROUSEL_ARTICLES_LOOPSLIDES_LABEL"
					description="MOD_SLICK_CAROUSEL_ARTICLES_LOOPSLIDES_DESC">
					<option value="1">JYES</option>
					<option value="0">JNO</option>
				</field>

				<field name="autoplay" type="radio" default="1" class="btn-group"
					label="MOD_SLICK_CAROUSEL_ARTICLES_AUTOPLAY_LABEL"
					description="MOD_SLICK_CAROUSEL_ARTICLES_AUTOPLAY_DESC">
					<option value="1">JYES</option>
					<option value="0">JNO</option>
				</field>

				<field name="showarrows" type="radio" default="1" class="btn-group"
					label="MOD_SLICK_CAROUSEL_ARTICLES_SHOWARROWS_LABEL">
					<option value="1">JYES</option>
					<option value="0">JNO</option>
				</field>
				
				<field name="showpagination" type="radio" default="1" class="btn-group"
					label="MOD_SLICK_CAROUSEL_ARTICLES_SHOWPAGINATION_LABEL">
					<option value="1">JYES</option>
					<option value="0">JNO</option>
				</field>

				<field name="speed" type="text" default="300"
					label="MOD_SLICK_CAROUSEL_ARTICLES_SPEED_LABEL" />
			</fieldset>	

			<fieldset name="advanced">
				<field name="layout" type="modulelayout" 
					label="JFIELD_ALT_LAYOUT_LABEL"
					description="JFIELD_ALT_MODULE_LAYOUT_DESC" />

				<field name="moduleclass_sfx" type="text"
					label="COM_MODULES_FIELD_MODULECLASS_SFX_LABEL"
					description="COM_MODULES_FIELD_MODULECLASS_SFX_DESC" />

				<field name="cache" type="list" default="1"
					label="COM_MODULES_FIELD_CACHING_LABEL"
					description="COM_MODULES_FIELD_CACHING_DESC">
					<option value="1">JGLOBAL_USE_GLOBAL</option>
					<option value="0">COM_MODULES_FIELD_VALUE_NOCACHING</option>
				</field>

				<field name="cache_time" type="text" default="900"
					label="COM_MODULES_FIELD_CACHE_TIME_LABEL"
					description="COM_MODULES_FIELD_CACHE_TIME_DESC" />

				<field name="cachemode" type="hidden" default="itemid">
					<option value="itemid"></option>
				</field>

			</fieldset>
			
		</fields>
	</config>
</extension>
